ip,country
97.105.19.61,US
71.137.146.71,US
209.205.123.242,US
192.171.117.210,US
12.189.101.90,US
104.193.225.250,US
12.247.3.42,US
174.207.5.52,US
172.3.220.202,US
107.77.100.125,US
96.8.150.23,US
24.26.254.147,US
72.191.50.176,US
108.65.244.91,US
76.185.247.126,US
107.204.132.6,US
173.174.155.172,US
72.179.161.39,US
72.177.226.58,US
174.207.1.185,US
70.123.231.211,US
72.191.29.130,US
65.36.105.55,US
12.247.3.50,US
173.173.127.101,US
173.127.33.241,US
162.232.155.19,US
99.203.26.41,US
96.8.179.59,US
70.114.139.150,US
72.181.117.226,US
71.42.140.139,US
45.22.97.134,US
173.173.104.57,US
104.53.201.99,US
173.174.159.45,US
67.10.161.55,US
184.226.6.201,US
76.211.179.43,US
24.160.159.122,US
66.69.62.219,US
209.205.122.186,US
24.153.137.59,US
67.10.168.76,US
70.123.209.40,US
67.198.116.192,US
98.6.204.195,US
24.155.140.118,US
162.205.226.57,US
173.173.100.228,US
65.36.111.91,US
184.203.148.135,US
72.181.97.136,US
72.181.118.217,US
67.11.104.47,US
24.155.251.203,US
23.122.42.151,US
24.27.227.0,US
24.27.227.1,US
170.248.173.246,US
70.114.36.54,US
216.1.153.162,US
104.219.136.67,US
72.177.206.117,US
173.173.116.10,US
173.173.114.158,US
108.248.9.192,US
72.48.111.7,US
66.69.77.154,US
70.117.6.133,US
24.243.31.59,US
99.203.26.214,US
107.77.64.27,US
70.120.83.9,US
131.194.98.179,US
99.203.155.25,US
108.239.187.113,US
173.239.218.8,US
170.248.173.247,US
209.205.122.182,US
99.203.26.237,US
68.203.201.38,US
67.11.154.74,US
76.214.156.42,US
99.203.26.144,US
162.236.252.30,US
99.203.155.131,US
136.50.29.193,US
107.207.7.120,US
67.11.144.38,US
23.127.174.69,US
173.127.67.70,US
72.178.96.177,US
45.21.0.138,US
129.115.2.245,US
71.40.1.172,US
107.77.80.107,US
104.53.215.21,US
172.110.83.150,US
66.42.139.162,US
70.121.180.146,US
64.134.159.125,US
174.207.2.105,US
72.182.107.70,US
99.203.27.154,US
196.52.2.30,MU
66.69.124.135,US
196.52.2.70,MU
166.251.112.222,US
172.5.98.113,US
68.203.203.145,US
12.43.239.98,US
170.248.173.245,US
72.48.6.70,US
67.11.96.101,US
196.52.2.49,MU
50.226.114.86,US
104.5.159.83,US
216.177.181.227,US
172.85.200.202,US
70.121.188.16,US
99.203.155.59,US
173.127.112.106,US
184.226.30.104,US
173.174.178.51,US
24.242.163.11,US
174.207.7.252,US
12.197.199.226,US
50.250.214.161,US
173.127.13.65,US
24.26.238.218,US
66.69.68.137,US
76.185.131.226,US
166.137.118.89,US
75.1.32.205,US
104.191.1.102,US
100.35.67.162,US
166.137.136.50,US
174.207.17.250,US
72.181.99.132,US
66.25.81.21,US
24.160.133.222,US
70.121.171.184,US
141.150.59.235,US
166.137.125.75,US
172.8.173.255,US
196.52.2.52,MU
104.48.141.55,US
166.251.101.233,US
166.251.109.241,US
107.77.100.47,US
174.207.23.38,US
107.77.100.79,US
174.207.0.15,US
72.191.28.102,US
107.77.100.45,US
199.193.220.210,US
107.77.72.112,US
107.77.66.81,US
107.77.100.91,US
72.177.135.99,US
184.226.56.72,US
206.109.5.6,US
172.58.109.111,US
70.118.8.243,US
72.205.179.123,US
209.205.120.222,US
64.157.241.246,US
12.175.215.244,US
104.53.206.121,US
75.104.65.31,US
99.52.78.67,US
173.127.6.41,US
107.77.100.113,US
173.127.23.253,US
72.181.108.134,US
67.10.158.134,US
173.175.117.44,US
69.166.87.217,US
173.123.57.183,US
73.158.71.104,US
72.190.221.42,US
173.127.44.50,US
97.77.127.220,US
184.203.109.14,US
99.203.155.223,US
173.149.206.146,US
70.121.173.47,US
184.226.106.149,US
131.194.184.154,US
166.251.112.88,US
107.77.80.85,US
166.137.125.28,US
97.77.16.42,US
99.203.27.36,US
131.194.184.123,US
99.200.159.181,US
71.78.62.179,US
174.207.3.185,US
173.173.100.232,US
68.241.59.80,US
64.134.30.175,US
63.97.8.66,US
173.239.232.81,US
71.137.145.92,US
70.118.34.50,US
24.173.208.242,US
166.137.139.56,US
45.22.96.223,US
99.203.26.86,US
99.203.26.234,US
174.207.13.82,US
173.174.223.192,US
107.77.66.47,US
107.167.109.95,US
172.58.100.127,US
208.54.86.193,US
173.173.119.75,US
70.117.9.9,US
172.3.29.85,US
172.58.100.195,US
166.137.125.49,US
172.56.7.193,US
70.120.93.125,US
172.58.102.235,US
107.77.100.15,US
24.130.120.24,US
67.11.16.255,US
107.204.52.24,US
67.10.132.181,US
104.190.250.60,US
172.127.183.32,US
76.185.228.75,US
67.10.153.249,US
104.180.86.144,US
107.77.105.97,US
108.178.64.170,US
64.148.247.227,US
187.220.23.224,MX
173.239.232.41,US
24.155.130.61,US
166.137.126.119,US
107.77.64.80,US
8.33.232.5,US
76.185.182.91,US
72.179.132.10,US
107.77.80.52,US
108.220.101.224,US
99.132.128.74,US
104.190.255.78,US
72.190.131.54,US
24.243.7.214,US
174.207.4.5,US
173.174.198.2,US
68.206.249.115,US
99.158.247.126,US
108.192.182.223,US
70.125.151.73,US
70.158.100.177,US
70.114.7.210,US
172.87.155.118,US
172.56.15.50,US
196.52.39.2,MU
76.185.157.10,US
196.52.39.32,MU
24.155.24.134,US
173.123.4.140,US
67.79.15.43,US
173.127.49.144,US
50.84.229.194,US
107.77.100.85,US
64.134.159.142,US
99.203.155.147,US
72.178.121.254,US
184.226.102.210,US
173.127.108.144,US
107.77.72.127,US
70.123.197.98,US
99.57.17.35,US
173.149.180.43,US
173.123.41.129,US
173.174.192.127,US
69.166.89.120,US
97.77.161.196,US
76.185.175.160,US
172.56.15.203,US
172.58.109.13,US
173.127.79.63,US
107.77.80.46,US
209.64.120.2,US
107.77.66.96,US
166.137.143.91,US
70.123.224.242,US
209.194.208.150,US
107.77.80.125,US
107.77.72.63,US
65.36.104.120,US
136.62.15.120,US
99.203.26.185,US
108.200.115.87,US
207.68.209.17,US
107.77.100.129,US
67.11.48.25,US
107.77.105.36,US
66.25.154.61,US
70.94.162.244,US
99.203.154.83,US
76.185.163.154,US
104.181.128.75,US
108.200.129.219,US
107.77.100.89,US
71.42.84.202,US
75.54.32.23,US
108.87.103.243,US
173.173.105.73,US
174.207.13.226,US
99.203.27.254,US
99.203.155.180,US
99.203.154.104,US
104.129.196.183,US
70.122.201.106,US
192.171.117.234,US
174.207.5.177,US
107.77.80.32,US
24.243.3.200,US
189.146.56.56,MX
24.243.39.1,US
201.103.134.102,MX
80.137.93.59,DE
64.250.227.83,US
72.191.22.4,US
70.121.181.181,US
12.28.69.2,US
189.146.46.149,MX
172.58.100.115,US
198.202.210.220,US
23.228.172.124,US
99.203.27.87,US
24.155.118.66,US
107.77.72.64,US
104.12.206.124,US
107.77.64.130,US
172.58.102.178,US
166.137.118.83,US
144.178.1.54,US
107.77.72.97,US
196.52.39.29,MU
196.52.39.11,MU
99.203.26.200,US
206.77.155.25,US
97.77.232.50,US
72.182.51.48,US
108.247.106.74,US
70.125.131.6,US
174.207.9.170,US
107.77.100.88,US
99.203.154.82,US
172.58.99.163,US
174.207.13.44,US
72.190.180.197,US
206.77.155.27,US
66.162.83.130,US
172.58.67.73,US
66.68.73.119,US
23.105.149.2,US
24.28.154.168,US
172.56.6.214,US
173.174.153.61,US
99.181.55.111,US
206.77.155.26,US
65.220.10.3,US
104.156.210.199,FR
99.203.26.93,US
107.77.64.50,US
206.121.139.66,US
97.105.101.131,US
66.90.173.207,US
97.77.206.98,US
67.11.199.195,US
196.52.39.23,MU
172.58.100.162,US
174.207.23.151,US
72.48.1.25,US
172.56.6.173,US
172.58.67.186,US
172.58.100.107,US
70.118.40.114,US
72.181.125.198,US
107.77.105.28,US
104.156.210.198,FR
165.84.230.4,CA
172.58.103.50,US
206.77.155.30,US
174.207.0.177,US
172.58.99.43,US
73.166.32.184,US
107.77.64.51,US
172.56.15.6,US
173.175.172.89,US
99.203.154.93,US
107.77.100.84,US
70.114.38.157,US
104.184.220.38,US
76.218.0.183,US
172.58.111.139,US
70.130.120.208,US
72.181.109.196,US
12.221.11.38,US
174.207.16.206,US
75.54.32.21,US
108.213.189.26,US
70.123.229.111,US
97.105.102.61,US
72.48.11.18,US
107.77.100.127,US
47.189.243.89,US
99.203.26.150,US
24.243.10.53,US
72.179.136.146,US
174.255.138.88,US
24.73.246.228,US
107.77.64.52,US
173.174.190.61,US
107.77.64.21,US
70.121.163.5,US
172.58.99.59,US
50.84.103.219,US
76.214.156.188,US
172.56.15.15,US
108.220.103.204,US
172.58.67.211,US
172.58.100.28,US
107.77.66.78,US
72.181.97.35,US
172.58.100.129,US
208.54.86.138,US
148.87.23.18,US
97.77.238.3,US
107.77.80.82,US
67.11.134.242,US
107.77.72.90,US
70.123.137.196,US
97.77.203.60,US
71.41.243.19,US
97.77.126.60,US
72.177.233.3,US
172.58.67.50,US
174.255.135.219,US
24.155.149.210,US
71.41.134.238,US
76.185.164.25,US
24.243.59.95,US
66.3.37.210,US
64.132.225.203,US
66.25.88.97,US
172.58.67.135,US
99.203.27.150,US
173.123.59.139,US
174.255.131.241,US
64.134.31.44,US
172.58.70.192,US
70.123.198.193,US
107.77.80.92,US
96.89.11.37,US
172.56.15.46,US
172.58.108.94,US
38.95.108.230,US
99.203.154.173,US
76.204.29.215,US
162.72.0.173,US
107.77.80.128,US
99.203.26.254,US
166.137.143.123,US
173.173.118.83,US
66.102.6.9,US
84.14.10.91,FR
4.16.216.161,US
70.121.204.76,US
66.69.50.45,US
45.31.213.223,US
173.174.196.212,US
104.53.202.214,US
72.181.104.30,US
24.28.70.46,US
74.50.118.217,US
68.206.106.64,US
104.219.136.100,US
67.11.172.66,US
96.8.172.51,US
67.11.175.66,US
104.219.136.105,US
174.255.137.106,US
12.52.157.98,US
99.132.129.169,US
99.158.248.205,US
66.25.163.2,US
104.131.47.203,US
70.122.230.225,US
172.56.7.244,US
70.121.185.146,US
66.90.136.214,US
72.190.156.176,US
96.64.210.98,US
98.6.151.46,US
177.247.132.187,MX
174.255.131.179,US
99.101.216.49,US
70.121.136.2,US
70.118.58.130,US
71.42.218.131,US
108.199.115.75,US
96.40.234.116,US
76.218.41.171,US
73.240.127.111,US
107.77.66.93,US
107.77.218.40,US
72.191.31.35,US
72.181.104.64,US
24.26.246.52,US
99.158.247.252,US
72.48.8.218,US
107.77.105.78,US
72.177.192.121,US
99.27.138.170,US
72.178.123.71,US
99.147.236.67,US
161.38.221.206,US
172.58.67.35,US
172.8.175.156,US
107.204.53.24,US
107.77.80.83,US
99.203.155.177,US
76.250.155.202,US
172.58.109.251,US
97.105.53.195,US
173.173.100.45,US
97.105.213.82,US
148.66.37.91,US
129.112.109.42,US
173.173.47.94,US
107.129.209.3,US
74.197.69.72,US
70.94.132.9,US
76.185.168.145,US
45.31.212.160,US
137.242.1.129,US
174.207.19.222,US
108.66.243.159,US
129.112.109.40,US
172.58.67.105,US
72.181.98.94,US
173.174.240.181,US
97.98.16.4,US
174.207.12.44,US
76.185.149.233,US
172.58.111.245,US
12.16.232.100,US
166.137.118.110,US
166.137.118.47,US
173.173.106.139,US
174.255.146.172,US
172.58.111.159,US
192.138.47.30,US
24.243.59.91,US
205.157.120.4,US
107.77.169.8,US
172.58.67.140,US
166.137.126.34,US
107.77.66.54,US
107.77.94.128,US
12.34.237.242,US
70.121.196.204,US
107.77.94.80,US
107.77.94.123,US
107.77.94.33,US
166.137.139.115,US
66.102.6.171,US
66.102.6.173,US
66.102.6.169,US
172.56.7.146,US
174.255.186.213,US
167.220.152.20,US
172.58.67.44,US
107.77.100.57,US
107.77.105.20,US
172.5.103.185,US
172.58.67.173,US
107.77.105.45,US
66.69.49.204,US
107.77.105.117,US
107.77.105.112,US
107.77.72.36,US
107.77.100.48,US
107.77.105.126,US
172.58.102.236,US
172.58.70.163,US
209.12.105.54,US
173.149.192.150,US
71.40.81.37,US
24.160.135.99,US
107.77.105.92,US
174.255.154.236,US
71.78.217.82,US
64.134.26.193,US
173.255.139.216,US
216.177.189.26,US
24.54.124.11,US
75.1.128.18,US
108.249.226.232,US
67.44.176.135,US
72.181.37.22,US
185.151.12.242,US
107.77.100.108,US
70.120.24.167,US
137.242.1.128,US
209.12.105.53,US
172.58.99.22,US
71.78.67.37,US
107.77.80.20,US
8.31.0.128,US
72.177.116.71,US
174.255.155.223,US
104.219.136.53,US
99.27.139.172,US
107.77.66.26,US
107.204.50.101,US
97.105.19.58,US
172.58.70.191,US
107.77.80.57,US
75.1.166.50,US
172.58.111.172,US
199.59.33.125,US
12.131.8.222,US
167.24.24.150,US
98.6.75.74,US
12.27.152.137,US
136.50.0.214,US
184.169.45.4,US
98.6.222.42,US
107.77.105.75,US
173.123.212.81,US
166.137.136.55,US
66.3.38.202,US
98.6.99.131,US
104.237.80.81,US
173.239.232.97,US
173.174.244.161,US
107.77.100.46,US
148.59.156.46,US
70.121.185.2,US
66.3.38.170,US
70.120.3.242,US
173.239.232.141,US
137.254.7.178,US
104.237.80.107,US
70.120.230.205,US
104.237.80.34,US
104.237.80.102,US
72.190.161.136,US
108.253.53.1,US
173.239.232.35,US
72.177.171.217,US
66.25.164.171,US
72.48.66.216,US
173.175.122.123,US
66.25.80.16,US
173.239.232.174,US
104.237.80.12,US
70.125.144.209,US
108.73.55.208,US
64.250.9.218,US
173.239.232.76,US
107.77.72.49,US
99.33.48.253,US
107.135.88.8,US
173.174.218.183,US
173.239.232.92,US
173.239.232.28,US
208.73.111.171,US
104.237.80.44,US
192.67.54.12,US
173.239.232.22,US
99.203.90.71,US
104.237.80.105,US
67.79.43.254,US
104.237.80.120,US
173.239.232.106,US
104.237.80.51,US
107.77.66.121,US
99.52.75.127,US
107.77.80.91,US
173.239.232.128,US
104.1.46.153,US
104.237.80.141,US
107.77.100.109,US
104.237.80.68,US
104.237.80.15,US
104.237.80.59,US
24.26.249.169,US
70.122.250.222,US
64.233.172.173,US
64.233.172.171,US
64.233.172.169,US
172.58.111.180,US
70.125.138.191,US
173.239.240.116,US
172.127.185.99,US
107.207.1.245,US
99.154.136.190,US
107.77.100.60,US
66.25.171.4,US
107.77.66.115,US
66.25.163.226,US
173.239.240.49,US
104.237.80.38,US
104.237.80.147,US
104.237.80.77,US
104.237.80.108,US
97.79.234.116,US
72.179.173.100,US
107.77.80.76,US
172.58.109.6,US
173.239.232.172,US
172.58.96.229,US
137.254.7.165,US
104.237.80.109,US
72.177.174.171,US
173.239.232.46,US
71.42.245.250,US
173.239.232.89,US
104.237.80.151,US
104.237.80.106,US
104.237.80.36,US
104.237.80.16,US
173.239.232.8,US
173.239.232.146,US
72.48.254.209,US
173.239.232.94,US
104.237.80.57,US
173.239.232.5,US
107.77.80.29,US
173.239.232.61,US
104.237.80.167,US
70.94.164.72,US
173.239.232.113,US
173.239.232.98,US
72.181.117.243,US
173.239.232.47,US
107.77.100.18,US
104.191.11.147,US
97.98.85.151,US
173.239.232.95,US
66.69.37.36,US
69.166.71.6,US
71.41.8.13,US
12.71.182.66,US
47.218.185.241,US
107.77.100.128,US
165.91.13.35,US
173.174.212.111,US
173.239.232.49,US
162.72.2.198,US
107.77.220.11,US
104.237.80.53,US
104.237.80.150,US
173.239.232.149,US
173.239.232.99,US
104.237.80.157,US
137.254.7.172,US
104.237.80.21,US
104.237.80.24,US
107.77.220.190,US
107.77.221.108,US
104.237.80.114,US
67.11.100.255,US
173.239.232.120,US
104.237.80.93,US
104.237.80.88,US
162.195.148.122,US
173.239.232.103,US
104.237.80.158,US
173.173.121.51,US
199.59.33.126,US
173.239.232.142,US
104.237.80.31,US
107.77.218.225,US
172.58.67.207,US
72.179.184.241,US
174.255.145.205,US
174.255.137.57,US
72.181.33.132,US
172.58.99.179,US
173.175.82.174,US
67.10.163.140,US
70.94.153.55,US
67.10.174.56,US
107.77.218.190,US
107.77.218.37,US
162.245.202.3,US
107.77.221.157,US
173.239.232.45,US
173.239.232.144,US
104.237.80.119,US
70.117.71.59,US
104.237.80.48,US
173.239.232.20,US
104.237.80.144,US
104.237.80.111,US
99.203.154.58,US
196.52.2.25,MU
196.52.2.71,MU
104.237.80.55,US
196.52.2.59,MU
172.58.109.83,US
107.77.221.191,US
99.203.27.126,US
173.239.232.170,US
104.237.80.117,US
104.237.80.40,US
45.30.141.87,US
173.239.232.129,US
104.237.80.10,US
67.79.223.235,US
107.77.220.95,US
173.239.232.29,US
167.24.104.150,US
173.239.232.139,US
173.239.232.143,US
137.254.7.174,US
173.239.198.246,US
107.77.222.63,US
173.239.232.157,US
104.15.39.87,US
137.254.7.184,US
173.239.232.152,US
174.255.148.28,US
173.239.232.140,US
172.58.67.38,US
24.214.254.251,US
24.214.254.244,US
107.77.221.152,US
107.77.221.127,US
184.203.184.92,US
172.58.67.77,US
173.239.198.250,US
173.239.198.230,US
173.239.232.75,US
173.239.232.85,US
136.62.18.97,US
104.143.92.81,GB
173.239.232.167,US
173.239.232.109,US
66.69.10.7,US
173.239.232.84,US
173.239.232.11,US
173.239.198.173,US
173.239.232.55,US
173.239.232.42,US
104.143.92.30,GB
173.239.232.161,US
104.143.92.53,GB
71.78.46.154,US
174.255.134.225,US
72.190.232.108,US
107.77.219.175,US
172.56.6.37,US
104.237.80.58,US
72.181.105.69,US
166.251.109.229,US
107.77.217.21,US
70.117.13.185,US
136.62.157.140,US
137.254.7.173,US
104.237.80.136,US
104.237.80.98,US
107.77.220.215,US
104.237.80.39,US
107.77.210.31,US
172.56.6.71,US
174.255.146.154,US
71.136.252.51,US
67.79.232.243,US
24.26.248.56,US
72.191.33.138,US
104.237.80.140,US
40.128.78.90,US
104.237.80.135,US
209.92.162.135,US
107.77.220.108,US
104.237.80.11,US
104.237.80.87,US
71.42.116.142,US
104.237.80.25,US
174.255.134.83,US
107.77.218.26,US
72.181.96.144,US
104.237.80.70,US
172.56.6.36,US
104.237.80.41,US
198.96.95.149,US
23.24.208.203,US
198.55.125.205,US
107.77.169.3,US
104.237.80.75,US
4.34.182.238,US
71.198.180.6,US
72.181.99.110,US
172.56.6.77,US
99.203.91.97,US
104.237.80.83,US
172.56.7.119,US
172.56.7.90,US
148.66.37.55,US
172.56.7.58,US
67.142.235.252,US
199.116.118.132,US
199.116.118.166,US
173.127.47.45,US
173.149.159.126,US
172.58.67.210,US
172.58.109.109,US
172.58.99.207,US
184.203.236.132,US
172.56.6.112,US
99.203.26.253,US
173.239.232.125,US
69.12.94.123,US
104.129.18.241,US
155.94.250.100,US
72.128.154.189,US
173.239.232.67,US
107.77.221.151,US
107.77.219.202,US
45.20.117.182,US
173.239.232.33,US
107.77.221.115,US
173.239.232.104,US
70.123.215.59,US
173.239.232.77,US
173.239.232.164,US
173.239.232.160,US
107.77.217.54,US
70.120.49.220,US
45.56.151.79,GB
45.56.151.93,GB
107.77.218.110,US
45.56.151.99,GB
173.239.232.114,US
173.239.232.51,US
45.56.151.117,GB
173.239.232.115,US
173.239.232.56,US
172.56.7.199,US
70.94.144.103,US
173.239.232.176,US
173.239.232.48,US
172.58.102.174,US
172.58.99.70,US
172.58.99.172,US
173.239.232.91,US
172.58.99.69,US
173.239.232.31,US
173.239.232.82,US
45.56.151.44,GB
173.239.232.60,US
99.132.130.214,US
173.239.232.72,US
45.56.151.121,GB
172.58.111.213,US
172.56.7.23,US
172.58.99.241,US
172.58.99.178,US
208.54.86.224,US
172.56.7.25,US
172.58.99.67,US
172.58.68.245,US
107.77.220.227,US
66.136.56.254,US
72.190.182.108,US
72.181.100.92,US
173.239.232.119,US
107.77.220.203,US
96.46.160.20,US
99.203.212.171,US
173.239.232.50,US
107.77.169.4,US
173.239.232.10,US
173.239.232.21,US
131.44.121.129,US
72.48.1.140,US
173.239.232.137,US
66.69.6.234,US
218.186.46.251,SG
172.56.7.113,US
174.255.136.80,US
205.251.148.162,US
205.251.148.154,US
205.251.148.146,US
107.77.217.65,US
70.123.162.206,US
108.93.12.131,US
205.251.148.98,US
205.251.150.234,US
99.203.91.76,US
199.116.115.137,CH
45.56.151.110,GB
45.56.151.8,GB
107.77.220.86,US
172.56.7.28,US
199.116.115.142,CH
99.203.90.248,US
199.116.115.143,CH
199.116.115.131,CH
199.116.115.130,CH
76.204.31.63,US
173.174.199.207,US
24.160.149.87,US
66.69.65.3,US
107.77.173.9,US
45.56.151.75,GB
199.116.115.147,CH
75.54.32.9,US
45.56.151.7,GB
172.58.109.183,US
199.193.220.106,US
107.242.113.6,US
72.181.124.244,US
173.173.101.207,US
173.174.253.193,US
45.56.151.50,GB
75.54.32.20,US
173.239.232.53,US
64.183.206.122,US
75.54.32.19,US
66.69.60.109,US
67.10.183.5,US
173.239.232.168,US
107.77.217.233,US
24.243.8.81,US
173.239.232.134,US
66.69.54.140,US
173.174.233.67,US
207.119.61.55,US
24.160.9.56,US
173.239.232.122,US
173.174.217.236,US
24.243.58.62,US
173.239.232.145,US
50.84.194.42,US
173.239.232.107,US
96.8.139.196,US
72.179.181.247,US
24.243.40.41,US
67.11.239.2,US
66.25.175.197,US
173.239.232.54,US
54.172.8.62,US
97.98.108.135,US
67.11.215.97,US
107.85.80.73,US
207.119.3.121,US
104.63.15.53,US
66.69.119.209,US
173.239.232.66,US
172.56.6.54,US
52.45.96.252,US
172.56.7.144,US
173.239.232.78,US
107.77.221.72,US
173.239.232.71,US
12.131.8.218,US
107.77.218.35,US
173.239.232.163,US
173.239.232.32,US
131.44.121.128,US
173.239.232.100,US
40.132.252.74,US
173.239.232.52,US
173.239.232.37,US
96.46.160.14,US
173.239.232.73,US
173.239.232.7,US
107.77.217.9,US
165.91.12.128,US
173.239.232.173,US
173.239.232.57,US
173.239.232.124,US
137.254.7.169,US
172.58.70.175,US
205.251.148.122,US
205.251.150.146,US
71.78.144.202,US
107.77.220.47,US
99.203.26.118,US
173.174.132.234,US
207.119.2.249,US
73.76.225.232,US
73.115.127.168,US
173.239.232.131,US
172.58.67.65,US
173.239.232.80,US
107.77.169.10,US
173.239.232.171,US
173.239.232.34,US
104.58.135.163,US
72.177.229.125,US
173.239.232.44,US
107.204.49.22,US
172.58.111.220,US
99.203.213.3,US
173.126.107.20,US
173.239.232.148,US
108.220.102.149,US
172.58.99.200,US
192.171.117.214,US
173.239.232.154,US
107.77.221.33,US
70.123.203.131,US
66.69.48.118,US
173.239.232.24,US
172.58.99.53,US
173.239.232.27,US
173.239.232.155,US
172.58.67.213,US
172.58.99.14,US
107.77.218.33,US
208.54.86.135,US
205.251.148.178,US
205.251.148.130,US
104.5.221.205,US
205.251.148.82,US
72.177.172.4,US
162.249.35.10,US
24.26.252.42,US
107.77.253.1,US
70.123.169.229,US
173.239.232.108,US
173.239.232.79,US
172.58.109.232,US
136.62.156.201,US
99.203.212.121,US
50.84.78.82,US
107.77.217.182,US
173.239.232.127,US
173.239.232.62,US
24.26.232.177,US
136.50.0.240,US
205.251.150.154,US
172.58.109.48,US
173.239.232.123,US
173.239.232.93,US
99.203.90.253,US
97.105.154.139,US
107.77.196.213,US
96.8.180.154,US
184.203.172.25,US
172.56.6.250,US
208.54.86.242,US
173.239.232.166,US
173.239.232.23,US
173.239.232.16,US
104.176.91.161,US
110.78.138.179,TH
173.239.232.64,US
173.239.232.74,US
159.192.243.186,TH
172.58.99.99,US
107.77.220.154,US
216.59.206.66,US
207.119.48.226,US
173.239.232.132,US
174.207.7.167,US
97.105.81.147,US
174.207.17.95,US
134.196.44.26,TH
70.120.28.81,US
68.206.198.66,US
73.166.86.204,US
174.207.22.170,US
66.69.111.115,US
174.207.5.245,US
173.239.232.70,US
173.239.232.87,US
174.207.18.173,US
172.3.28.125,US
174.207.11.138,US
136.50.28.52,US
107.77.217.13,US
66.25.169.158,US
45.31.212.143,US
24.26.251.39,US
107.77.222.55,US
64.250.7.235,US
172.58.99.105,US
108.218.193.28,US
72.191.32.140,US
107.77.200.140,US
216.3.131.238,US
107.77.173.2,US
173.239.232.102,US
99.203.26.55,US
131.44.121.130,US
70.94.165.250,US
24.153.217.26,US
72.181.106.34,US
107.77.219.67,US
69.232.100.94,US
172.58.102.206,US
172.58.99.225,US
208.54.86.153,US
208.54.86.156,US
173.174.207.225,US
68.201.249.18,US
107.77.221.80,US
72.190.168.217,US
107.77.221.96,US
107.77.173.4,US
66.69.37.238,US
70.94.129.79,US
72.177.174.24,US
99.98.36.168,US
65.36.106.75,US
173.173.104.14,US
136.50.20.17,US
98.6.94.51,US
136.50.13.79,US
70.121.136.246,US
110.78.138.254,TH
67.54.151.131,US
45.17.26.192,US
99.43.106.116,US
72.190.225.242,US
107.77.169.12,US
107.77.221.188,US
76.185.234.111,US
24.28.137.129,US
173.174.164.47,US
24.28.154.138,US
99.203.155.134,US
184.80.232.34,US
99.203.26.98,US
172.58.70.169,US
99.203.23.170,US
173.239.232.111,US
173.227.210.1,US
64.134.149.87,US
198.190.245.10,US
108.174.85.238,US
148.59.234.86,DE
76.185.237.144,US
24.26.235.139,US
172.56.14.78,US
72.12.112.229,US
66.69.37.121,US
45.23.251.14,US
99.203.27.199,US
45.248.77.171,AU
172.58.70.240,US
75.15.245.2,US
172.58.67.18,US
173.174.211.231,US
172.58.102.160,US
172.56.6.151,US
24.243.35.7,US
99.203.26.115,US
107.77.220.42,US
24.242.143.6,US
173.173.96.192,US
206.109.5.95,US
66.25.168.113,US
172.56.6.240,US
173.239.232.126,US
107.77.169.9,US
99.203.26.220,US
174.207.23.199,US
107.77.217.137,US
110.77.182.112,TH
104.48.213.50,US
173.239.232.39,US
110.77.182.87,TH
24.243.20.39,US
66.25.167.65,US
73.219.222.176,US
24.173.152.222,US
137.254.7.176,US
104.191.12.108,US
99.203.90.176,US
104.190.249.199,US
73.166.220.146,US
76.185.135.35,US
70.114.115.55,US
162.239.219.93,US
97.105.40.214,US
72.181.106.116,US
159.192.242.43,TH
108.200.112.192,US
73.76.119.133,US
174.207.16.1,US
107.77.198.37,US
67.11.238.82,US
173.175.31.196,US
108.199.117.106,US
69.236.100.33,US
72.177.237.78,US
207.119.61.70,US
107.77.222.90,US
173.174.136.11,US
107.77.220.231,US
159.192.201.107,TH
108.199.117.96,US
75.54.32.79,US
107.77.221.10,US
70.123.200.145,US
97.105.90.179,US
174.207.0.29,US
172.58.109.44,US
71.136.254.125,US
134.196.44.120,TH
12.219.109.178,US
72.128.136.219,US
107.77.220.202,US
96.27.161.213,US
70.120.46.111,US
134.196.45.35,TH
172.58.111.204,US
72.178.117.75,US
70.94.161.227,US
72.181.113.238,US
72.190.130.87,US
107.77.219.27,US
75.1.44.127,US
107.77.169.6,US
66.193.245.94,US
89.159.14.216,FR
72.177.230.241,US
107.77.217.226,US
70.121.207.245,US
72.190.214.41,US
199.193.221.114,US
67.11.5.181,US
99.203.27.127,US
99.203.26.13,US
174.207.14.202,US
173.173.121.126,US
173.149.177.187,US
107.77.217.125,US
173.239.232.88,US
67.48.40.83,US
185.151.12.218,US
12.184.218.52,US
73.31.215.224,US
24.167.9.61,US
99.203.23.16,US
71.40.74.50,US
104.184.27.54,US
172.3.28.29,US
173.174.208.178,US
98.192.75.22,US
72.183.4.143,US
8.46.73.102,US
71.40.24.180,US
172.58.3.231,US
107.77.221.7,US
24.27.227.129,US
97.98.105.129,US
99.203.27.241,US
107.77.217.216,US
172.87.148.22,US
107.77.217.218,US
67.10.185.18,US
134.196.131.92,TH
207.119.63.85,US
107.77.196.195,US
72.191.29.194,US
107.77.217.128,US
96.93.94.225,US
72.181.113.234,US
107.77.219.174,US
107.77.219.20,US
185.216.33.82,DE
173.174.210.2,US
64.134.149.176,US
66.64.5.233,US
24.243.10.238,US
107.77.221.194,US
99.203.143.2,US
107.77.222.181,US
99.203.26.18,US
12.31.120.82,US
162.71.236.115,US
167.24.18.231,US
99.203.26.199,US
72.190.151.50,US
72.181.97.207,US
50.84.244.130,US
90.80.230.243,FR
90.85.119.75,FR
107.77.222.216,US
107.77.222.174,US
12.197.196.242,US
173.174.211.206,US
99.203.27.9,US
66.69.108.117,US
66.90.180.216,US
107.77.219.65,US
72.181.110.80,US
107.204.50.40,US
99.98.32.165,US
99.203.27.115,US
76.193.65.187,US
72.181.99.44,US
166.251.109.31,US
107.77.221.70,US
172.58.109.150,US
76.185.173.161,US
67.11.130.89,US
24.28.148.245,US
173.174.243.231,US
172.56.7.172,US
99.43.108.160,US
107.77.220.166,US
67.48.59.123,US
216.53.156.133,US
70.125.137.193,US
76.185.172.182,US
99.203.23.196,US
71.41.192.26,US
166.247.59.44,US
66.196.195.34,US
72.191.28.232,US
72.179.108.103,US
24.242.60.149,US
71.41.242.76,US
108.205.6.177,US
72.190.162.161,US
23.123.177.19,US
131.194.172.242,US
172.58.111.203,US
131.194.172.59,US
99.203.26.215,US
67.11.24.12,US
99.203.27.106,US
99.203.27.21,US
99.203.26.14,US
217.167.133.44,FR
99.203.26.5,US
99.203.154.197,US
67.11.204.68,US
172.58.109.64,US
107.77.222.41,US
104.48.213.175,US
64.125.109.186,US
99.203.154.187,US
173.173.102.198,US
70.243.68.60,US
67.11.28.235,US
131.194.184.74,US
131.194.173.46,US
96.8.219.155,US
136.49.90.35,US
107.77.245.7,US
72.179.183.68,US
99.203.27.131,US
107.77.222.200,US
173.173.111.218,US
99.203.27.96,US
172.58.67.180,US
99.61.28.109,US
24.160.139.8,US
172.58.109.222,US
107.77.222.37,US
99.203.27.218,US
173.149.158.44,US
107.128.3.66,US
209.184.113.43,US
72.181.105.81,US
72.190.223.156,US
65.43.118.72,US
216.177.165.194,US
66.25.168.171,US
99.203.26.111,US
76.185.243.110,US
45.23.250.16,US
216.177.165.198,US
89.81.166.143,FR
193.37.252.42,US
107.77.169.11,US
172.58.109.54,US
166.251.101.159,US
99.203.155.43,US
76.204.27.88,US
70.120.3.141,US
193.37.252.48,US
37.60.189.18,FR
107.77.200.229,US
172.58.109.220,US
172.58.105.205,US
198.190.245.72,US
70.121.200.203,US
68.201.219.223,US
173.123.121.68,US
67.11.62.220,US
172.58.108.182,US
172.56.6.51,US
172.56.6.109,US
72.181.113.170,US
104.190.254.154,US
193.37.252.82,US
65.112.228.222,US
67.11.59.112,US
99.203.26.48,US
107.77.221.63,US
71.42.133.19,US
104.37.31.8,GB
24.242.180.178,US
67.11.157.190,US
184.226.95.31,US
71.40.247.91,US
24.26.242.9,US
12.33.49.18,US
173.173.113.51,US
174.207.21.3,US
66.90.156.73,US
69.193.187.30,US
172.56.6.31,US
172.58.109.143,US
99.203.155.185,US
103.208.220.139,JP
107.77.218.42,US
184.203.221.94,US
64.9.239.30,US
70.114.21.86,US
172.56.7.151,US
68.134.170.110,US
72.128.131.66,US
97.77.214.243,US
12.151.185.131,US
64.9.239.143,US
99.203.27.103,US
174.240.134.5,US
64.9.239.12,US
166.251.106.182,US
70.122.206.138,US
172.56.6.73,US
99.203.154.183,US
12.166.20.18,US
70.120.62.19,US
99.203.27.66,US
206.81.232.6,US
75.15.240.105,US
24.243.19.100,US
173.173.98.244,US
99.203.27.72,US
107.77.197.78,US
172.58.109.155,US
99.203.27.77,US
99.203.27.70,US
131.194.172.51,US
99.184.61.243,US
99.203.154.20,US
196.52.60.56,ZA
65.36.96.192,US
99.203.155.225,US
107.77.219.51,US
64.9.239.21,US
99.203.154.30,US
72.181.106.12,US
